player,bets,wins,winrate,total_staked,profit,roi,avg_ev
Thiago Seyboth Wild,1,1,1.0,18.87,169.83,900.0,1.035
Kimberly Birrell,1,1,1.0,16.87,126.55,750.0,0.1501
Yu Hsiou Hsu,2,2,1.0,44.1,291.64,661.27,0.5542
Anna Karolina Schmiedlova,1,1,1.0,21.25,127.52,600.0,0.4168
Elina Avanesyan,1,1,1.0,18.14,108.86,600.0,0.4202
Titouan Droguet,1,1,1.0,24.17,132.94,550.0,0.9609
Thiago Agustin Tirante,1,1,1.0,18.67,71.86,385.0,0.3149
Kayla Day,1,1,1.0,18.78,71.35,380.0,0.1592
Jiri Vesely,2,2,1.0,46.24,153.22,331.33,0.4308
Alexandre Muller,1,1,1.0,21.37,66.24,310.0,0.4468
Lesia Tsurenko,1,1,1.0,19.84,56.54,285.0,0.0576
Sachia Vickery,1,1,1.0,20.61,57.7,280.0,0.0589
Patricia Maria Tig,2,1,0.5,44.76,115.56,258.16,0.1644
Juan Pablo Varillas,2,1,0.5,36.85,83.17,225.72,0.3299
Zhizhen Zhang,2,2,1.0,46.45,91.82,197.69,0.2588
Diego Schwartzman,1,1,1.0,22.12,35.4,160.0,0.2056
Botic Van De Zandschulp,2,2,1.0,51.22,75.47,147.36,0.1528
Marton Fucsovics,2,2,1.0,43.35,54.75,126.31,0.0984
Aslan Karatsev,3,3,1.0,67.64,68.49,101.26,0.1184
Thanasi Kokkinakis,1,1,1.0,18.73,17.05,91.0,0.2481
Giulio Zeppieri,1,1,1.0,21.78,18.73,86.0,0.2629
Camila Giorgi,1,1,1.0,18.15,15.61,86.0,0.1054
Maximilian Marterer,1,1,1.0,24.52,20.85,85.0,0.0913
Petra Martic,2,2,1.0,41.94,31.65,75.47,0.1019
Tomas Martin Etcheverry,1,1,1.0,19.27,14.26,74.0,0.2047
Katie Volynets,1,1,1.0,18.73,12.36,66.0,0.0867
Alejandro Davidovich Fokina,1,1,1.0,23.95,15.57,65.0,0.053
Karolina Muchova,1,1,1.0,18.33,11.91,65.0,0.1105
Lucia Bronzetti,3,1,0.3333,63.48,40.97,64.54,0.1109
Claire Liu,1,1,1.0,17.38,11.12,64.0,0.1084
Sebastian Korda,1,1,1.0,22.63,10.64,47.0,0.1272
Hubert Hurkacz,1,1,1.0,22.43,10.09,45.0,0.1194
Juan Manuel Cerundolo,2,1,0.5,51.96,23.28,44.81,0.7434
Lorenzo Sonego,1,1,1.0,21.52,9.04,42.0,0.1108
Tommy Paul,1,1,1.0,19.7,8.28,42.0,0.1259
Nuno Borges,1,1,1.0,22.61,9.27,41.0,0.1053
Sebastian Baez,2,1,0.5,45.21,17.89,39.57,0.0725
Donna Vekic,1,1,1.0,16.75,6.03,36.0,0.0564
Yannick Hanfmann,1,1,1.0,18.73,6.74,36.0,0.0749
Fabian Marozsan,2,1,0.5,54.15,16.72,30.87,0.1813
Frances Tiafoe,1,1,1.0,20.19,5.86,29.0,0.0598
Jason Kubler,2,1,0.5,42.64,10.57,24.79,0.1095
Benjamin Bonzi,2,1,0.5,47.56,11.21,23.58,0.0919
Sebastian Ofner,3,2,0.6667,69.51,13.94,20.06,0.3646
Jaume Munar,3,1,0.3333,65.65,12.42,18.92,0.3979
Corentin Moutet,4,2,0.5,87.99,10.22,11.61,0.2139
Laslo Djere,2,1,0.5,45.08,2.73,6.06,0.1892
Gregoire Barrere,2,1,0.5,40.07,1.83,4.57,0.1225
Kateryna Baindl,2,1,0.5,36.38,-0.93,-2.54,0.0833
Daniel Elahi Galan,2,1,0.5,50.64,-4.89,-9.65,0.2164
Lucas Pouille,2,1,0.5,40.08,-4.86,-12.12,0.2131
Matteo Arnaldi,2,1,0.5,42.7,-9.12,-21.35,0.1832
Marcos Giron,3,1,0.3333,64.76,-14.21,-21.94,0.163
Danielle Collins,2,1,0.5,37.23,-10.85,-29.16,0.0808
Radu Albot,3,1,0.3333,70.41,-39.26,-55.76,0.2734
Sorana Cirstea,1,0,0.0,19.9,-19.9,-100.0,0.1377
Tereza Martincova,1,0,0.0,18.89,-18.89,-100.0,0.2993
Pedro Cachin,3,0,0.0,65.83,-65.83,-100.0,0.3926
Bernabe Zapata Miralles,2,0,0.0,41.83,-41.83,-100.0,0.2139
Luca Van Assche,3,0,0.0,63.57,-63.57,-100.0,0.1165
Nadia Podoroska,2,0,0.0,36.25,-36.25,-100.0,0.2303
Alycia Parks,1,0,0.0,19.28,-19.28,-100.0,0.6202
Fabio Fognini,1,0,0.0,19.88,-19.88,-100.0,0.0949
Chun Hsin Tseng,1,0,0.0,13.63,-13.63,-100.0,0.0755
Mackenzie McDonald,1,0,0.0,20.98,-20.98,-100.0,0.1783
Martina Trevisan,1,0,0.0,18.52,-18.52,-100.0,0.0839
Julia Grabher,1,0,0.0,18.97,-18.97,-100.0,0.1484
Leolia Jeanjean,1,0,0.0,18.9,-18.9,-100.0,0.1577
Tallon Griekspoor,1,0,0.0,19.9,-19.9,-100.0,0.0931
Hugo Gaston,1,0,0.0,21.71,-21.71,-100.0,0.0861
Roberto Bautista Agut,1,0,0.0,21.89,-21.89,-100.0,0.1222
Miomir Kecmanovic,1,0,0.0,21.02,-21.02,-100.0,0.1359
Lloyd Harris,1,0,0.0,22.15,-22.15,-100.0,1.035
Tamara Zidansek,1,0,0.0,22.68,-22.68,-100.0,0.0797
Maria Sakkari,1,0,0.0,22.8,-22.8,-100.0,0.0645
Magda Linette,1,0,0.0,21.96,-21.96,-100.0,0.0608
Simona Waltert,1,0,0.0,18.35,-18.35,-100.0,0.0563
Kristina Mladenovic,1,0,0.0,19.91,-19.91,-100.0,0.0759
Mikael Ymer,1,0,0.0,18.51,-18.51,-100.0,0.2774
Nuria Parrizas Diaz,1,0,0.0,23.8,-23.8,-100.0,0.0514
Viktoria Hruncakova,1,0,0.0,22.4,-22.4,-100.0,0.5053
Marta Kostyuk,1,0,0.0,22.86,-22.86,-100.0,0.2464
Oscar Otte,1,0,0.0,23.33,-23.33,-100.0,0.1047
Arianne Hartono,1,0,0.0,13.48,-13.48,-100.0,0.0696
Jil Teichmann,1,0,0.0,17.25,-17.25,-100.0,0.0622
Sloane Stephens,1,0,0.0,17.6,-17.6,-100.0,0.0799
Dalma Galfi,1,0,0.0,18.1,-18.1,-100.0,0.166
Rebecca Marino,1,0,0.0,17.73,-17.73,-100.0,0.0934
Jule Niemeier,1,0,0.0,18.47,-18.47,-100.0,0.2321
Cristian Garin,1,0,0.0,19.2,-19.2,-100.0,0.2151
Facundo Bagnis,1,0,0.0,10.07,-10.07,-100.0,0.0726
Timofey Skatov,1,0,0.0,21.82,-21.82,-100.0,0.554
Federico Coria,2,0,0.0,44.85,-44.85,-100.0,0.8644
Arthur Fils,1,0,0.0,20.1,-20.1,-100.0,0.1474
Quentin Halys,1,0,0.0,19.51,-19.51,-100.0,0.0894
Ilya Ivashka,1,0,0.0,19.05,-19.05,-100.0,0.1316
Yibing Wu,1,0,0.0,19.56,-19.56,-100.0,0.0929
Roberto Carballes Baena,1,0,0.0,10.14,-10.14,-100.0,0.0898
Dominic Thiem,1,0,0.0,22.69,-22.69,-100.0,0.5274
Richard Gasquet,1,0,0.0,19.17,-19.17,-100.0,0.1769
Brandon Nakashima,1,0,0.0,23.96,-23.96,-100.0,0.0906
Constant Lestienne,1,0,0.0,24.45,-24.45,-100.0,0.1633
Gijs Brouwer,1,0,0.0,24.95,-24.95,-100.0,0.3068
Alex Molcan,2,0,0.0,51.93,-51.93,-100.0,0.4491
Ryan Peniston,1,0,0.0,23.78,-23.78,-100.0,0.2689
Borna Gojo,1,0,0.0,24.26,-24.26,-100.0,0.0766
Sho Shimabukuro,1,0,0.0,24.44,-24.44,-100.0,0.4257
Dennis Novak,1,0,0.0,25.02,-25.02,-100.0,0.1028
Olivia Gadecki,1,0,0.0,23.26,-23.26,-100.0,0.0976
Storm Hunter,1,0,0.0,22.8,-22.8,-100.0,0.52
Linda Fruhvirtova,1,0,0.0,21.9,-21.9,-100.0,0.1908
Kamilla Rakhimova,1,0,0.0,22.34,-22.34,-100.0,0.267
Magdalena Frech,1,0,0.0,21.46,-21.46,-100.0,0.4269
Dominik Koepfer,1,0,0.0,22.57,-22.57,-100.0,0.1607
Daniel Evans,1,0,0.0,23.74,-23.74,-100.0,0.0921
Max Purcell,1,0,0.0,23.48,-23.48,-100.0,0.2742
Zachary Svajda,1,0,0.0,23.28,-23.28,-100.0,0.263
Fiona Ferro,1,0,0.0,23.42,-23.42,-100.0,0.2994
Fiona Crawley,1,0,0.0,21.03,-21.03,-100.0,0.0728
Ethan Quinn,1,0,0.0,25.69,-25.69,-100.0,0.0889
Yosuke Watanuki,1,0,0.0,25.17,-25.17,-100.0,0.0924
Marco Cecchinato,1,0,0.0,25.17,-25.17,-100.0,1.8835
Emilio Nava,1,0,0.0,26.83,-26.83,-100.0,0.4839
Milos Raonic,1,0,0.0,26.29,-26.29,-100.0,0.3516
Guido Pella,1,0,0.0,27.97,-27.97,-100.0,0.1882
Alexander Shevchenko,1,0,0.0,27.41,-27.41,-100.0,0.5373
Arantxa Rus,1,0,0.0,28.43,-28.43,-100.0,0.0864
Aleksandar Vukic,1,0,0.0,29.59,-29.59,-100.0,1.4787
Taro Daniel,1,0,0.0,28.42,-28.42,-100.0,0.1952
Nicolas Moreno De Alboran,1,0,0.0,27.85,-27.85,-100.0,0.3396
Facundo Diaz Acosta,1,0,0.0,27.81,-27.81,-100.0,0.2039
Otto Virtanen,1,0,0.0,27.25,-27.25,-100.0,0.0785
